1sup,,,,,,,,,,,,,
,,start,end,,,,,,,,,,
Type 1,,10:28:12,10:40:39,,,,,,,,,,
,1,10:28,10:32,,,,,,,,,,
,2,10:32,10:35,,,,,,,,,,
,3,10:35,10:37,,,,,,,,,,
,4,10:37,10:40,,,,,,,,,,
,,,,,,,,,,,,,
Type 2,,10:43:53,10:57:50,,,,Railed,10:48,,,,,
,1,10:43,10:46,,scratching head,,,10:49,,,,,
,2,10:46,10:48,,,,,10:50,,,,,
,3,10:48,10:52,,,,,10:56,,,,,
,4,10:52,10:57,,,,,,,,,,
,,,,,,,,,,,,,
,,,,,,,,,,,,,
Type 3,,10:59:34,11:12:02,,,,,,,,,,
,1,10:59,11:02,,,,railed ,11:07,,,,,
,2,11:02,11:06,,,,,laughed,,,,,
,3,11:06,11:09,,,,,,,,,,
,4,11:09,11:12,,,,,,,,,,
,,,,,,,,,,,,,
,,,,,,,,,,,,,
,,,,,,,,,,,,,
,,,,,,,,,,,,,
,,,,,,,,,,,,,
,,,,,,,,,,,,,
2shy,,,,,,,,,,,,,
,,start,end,,,,,,,,,,
Type 1,,11:45:25,12:00:46,,,,,,,,,,
,1,11:45,11:51,,,,,,,,,,
,2,11:51,11:54,,,,,,,,,,
,3,11:55,12:00,,,,,,,,,,
,,,,,,,,,,,,,
,,,,,,,,,,,,,
Type 2,,12:02:21,12:17:31,,,,,,,,,,
,1,12:02,12:07,,,,,,,,,,
,2,12:07,12:09,,,,,,,,,,
,3,12:09,12:11,,,,,,,,,,
,4,12:11,12:17,,,,,,,,,,
,,,,,,,,,,,,,
,,,,,,,,,,,,,
Type 3,,12:18:31,12:29:05,,,,,,,,,,
,1,12:18,12:20,,,,,,,,,,
,2,12:20,12:22,,,,,,,,,,
,3,12:22,12:26,,,,,,,,,,
,4,12:26,12:29,,,,,,,,,,
,,,,,,,,,,,,,
,,,,,,,,,,,,,
,,,,,,,,,,,,,
,,,,,,,,,,,,,
3vin,,,,,,,,,,,,,
,,start,end,,,,,,,,,,
Type 1,,14:05:11,14:15:36,,actually started @ 14:00 but due to issue start time is 14:05 but he had seen the code,,,,,,,,
,1,14:03,14:06,,,,,,,,,,
,2,14:06,14:10,,,,,,,,,,
,3,14:10,14:13,,,,,,,,,,
,4,14:13,14:15,,,,,,,,,,
,,,,,,,,,,,,,
Type 2,,14:16:26,14:29:14,,,,,,,,,,
,1,14:16,14:19,,,,,,,,,,
,2,14:19,14:22,,,,,,,,,,
,3,14:22,14:25,,,,,,,,,,
,4,14:25,14:29,,,,,,,,,,
,,,,,,,,,,,,,
,,,,,,,,,,,,,
Type 3,,14:30:41,14:44:39,,,,,,,,,,
,1,14:31,14:33,,,,,,,,,,
,2,14:33,14:37,,,,,,,,,,
,3,14:37,14:41,,,,,,,,,,
,4,14:41,14:44,,,,,,,,,,
,,,,,,,,,,,,,
,,,,,,,,,,,,,
,,,,,,,,,,,,,
,,,,,,,,,,,,,
4,2019-05=25-15-12-51.txt,,,,,,,,,,,,
,,start,end,,,,,,,,,,
Type 1,,15:16:49,15:32:05,,,,,,,,,,
,1,15:17,15:21,,,,,,,,,,
,2,15:21,15:24,,,,,,,,,,
,3,15:24,15:26,,,,,,,,,,
,4,15:26,15:32,,,,,,,,,,
,,,,,,,,,,,,,
Type 2,,15:33:04,15:44:16,,,,,,,,,,
,1,15:33,15:35,,,,,,,,,,
,2,15:35,15:38,,,,,,,,,,
,3,15:38,15:40,,,,,,,,,,
,4,15:40,15:44,,,,,,,,,,
,,,,,,,,,,,,,
,,,,,,,,,,,,,
Type 3,,15:45:38,15:56:17,,,,,,,,,,
,1,15:45,15:48,,,,,,,,,,
,2,15:48,15:50,,,,,,,,,,
,3,15:50,15:53,,,,,,,,,,
,4,15:53,15:56,,,,,,,,,,
,,,,,,,,,,,,,
,,,,,,,,,,,,,
5,,,,,,,,,,,,,
,,,,,,,,,,,,,
,,start,end,,,,,,,,,,
Type 1,,18:14:27,18:29:42,,,,,,,,,,
,1,18:14,15:21,,,,,,,,,,
,2,18:19,15:24,,,,,,,,,,
,3,18:21,18:23,18:28,18:29,,came back to the same problem,,,,,,
,4,18:23,18:28,,,,,,,,,,
,,,,,,,,,,,,,
Type 2,,18:31:13,18:46:28,,,,,,,,,,
,1,18:31,18:33,,,,,,,,,,
,2,18:33,18:37,,20,18:34:00,18:34:20,C,,,,,
,3,18:37,18:43,,,,,,,,,,
,4,18:43,18:46,,,,,,,,,,
,,,,,,,,,,,,,
,,,,,,,,,,,,,
Type 3,,18:48:22,19:03:40,,,,,,,,,,
,1,18:48,18:54,P,20 sec,18:49:00,18:49:20,P,1,2,3,.. 8,Python
,2,18:54,18:59,W,20,18:55:00,18:55:20,W,,,,,Writing
,3,18:59,19:01,P,,,,0:14,0:15,0:15,,,
,4,19:01,19:03,W,,,,,,,,,
,,,,,,,,,,,,,
,,,,,,,,,,,,,
,,,,,,,,,,,,,
6,2019-16-01-14-34-10,,,,,,,,,,,,
,,,,,,,,,,,,,
,,start,end,,,,,,,,,,
Type 1,,14:40:47:645,14:50:15:837,,,,,,,,,,
,1,14:40:47,,,0:09:28,0:12:56,0:12:13,,,,,,
,2,14:47,14:48:10,,,,,,,,,,
,3,14:48:12,,,,,,,,,,,
,4,,14:50:15,,,,,,,,,,
,,,,,,,,,,,,,
Type 2,,14:51:01:138,15:03:57,,,,,,,,,,
,1,14:51:01,14:55:45,,,,,,,,,,
,2,14:55:47,14:57:57,,,,,,,,,,
,3,14:57:59,15:00:42,,,,,,,,,,
,4,15:00:45,15:03:57,,,,,,,,,,
,,,,,,,,,,,,,
,,,,,,,,,,,,,
Type 3,,15:06:09:287,15:18:22:356,,,,,,,,,,
,1,15:06:09,15:09:26,,,,,,,,,,
,2,15:09:28,15:11:17,,,,,,,,,,
,3,15:11:19,15:16:55,,,,,,,,,,
,4,15:16:57,15:18:22,,,,,,,,,,
,,,,,,,,,,,,,
,,,,,,,,,,,,,
,,,,,,,,,,,,,
,,,,,,,,,,,,,
7,7udi.txt,,,,,,,,,,,,
,,,,,,,,,,,,,
,,start,end,,,,,,,,,,
Type 1,,15:38:07:878,15:53:25:202,,,,,,,,,,
,1,15:38:07,15:41:22,,0:15:18,0:15:18,0:12:07,,,,,,
,2,15:41:24,15:44:12,,,,,,,,,,
,3,15:44:14,15:47:53,,,,,,,,,,
,4,15:47:55,15:53:25,,,,,,,,,,
,,,,,,,,,,,,,
Type 2,,15:57:49:998,16:13:07:057,,,,,,,,,,
,1,15:57:49,16:02:30,,,,,,,,,,
,2,16:02:32,16:03:58,,,,,,,,,,
,3,16:04:00,16:07:16,,,,,,,,,,
,4,16:07:18,16:13:07,,,,,,,,,,
,,,,,,,,,,,,,
,,,,,,,,,,,,,
Type 3,,16:17:18,16:29:25:426,,,,,,,,,,
,1,16:17:18,16:19:29,,,,,,,,,,
,2,16:19:31,16:21:59,,,,,,,,,,
,3,16:22:01,16:24:10,,,,,,,,,,
,4,16:24:12,16:29:25,,,,,,,,,,
,,,,,,,,,,,,,
,,,,,,,,,,,,,
,,,,,,,,,,,,,
8,8ank,,,,,,,,,,,,
,,,,,,,,,,,,,
,,start,end,,,,,,,,,,
Type 1,,16:45:23:607,16:57:31:080,,,,,,,,,,
,1,16:45:23,16:48:37,,,0:12:08,0:15:26,0:13:54,,,,,
,2,16:48:38,16:51:31,,,,,,,,,,
,3,16:51:33,16:54:42,,,,,,,,,,
,4,16:54:42,16:57:31,,,,,,,,,,
,,,,,,,,,,,,,
Type 2,,16:59:02:027,17:14:28:219,,,,,,,,,,
,1,16:59:02,17:03:21,,,,,,,,,,
,2,17:03:23,17:07:51,,,,,,,,,,
,3,17:07:53,17:13:11,,,,,,,,,,
,4,17:13:13,17:14:28,,,,,,,,,,
,,,,,,,,,,,,,
,,,,,,,,,,,,,
Type 3,,17:15:15:411,17:29:09:325,,,,,,,,,,
,1,17:15:15,17:19:25,,,,,,,,,,
,2,17:19:27,17:22:21,,,,,,,,,,
,3,17:22:23,17:26:19,,,,,,,,,,
,4,17:26:21,17:29:09,,,,,,,,,,
,,,,,,,,,,,,,
,,,,,,,,,,,,,
,,,,,,,,,,,,,
9,9abh,,,,,,,,,,,,
,,,,,,,,,,,,,
,,start,end,,,,,,,,,,
Type 1,,11:21:47:520,11:37:10:469,,,,,,,,,,
,1,11:21:47,11:27:09,,,,,,,,,,
,2,11:27:09,11:30:00,,,0:15:23,0:15:24,0:13:09,,,,,
,3,11:30:00,11:33:31,,,,,,,,,,
,4,11:33:31,11:37:10,,,,,,,,,,
,,,,,,,,,,,,,
Type 2,,11:38:18:737,11:53:42:410,,,,,,,,,,
,1,11:38:18,11:42:49,,,,,,,,,,
,2,11:42:49,11:45:07,,,,,,,,,,
,3,11:45:07,11:49:22,,,,,,,,,,
,4,11:49:22,11:53:42,,,,,,,,,,
,,,,,,,,,,,,,
,,,,,,,,,,,,,
Type 3,,11:54:21:618,12:07:30:770,,,,,,,,,,
,1,11:54:21,11:58:44,,,,,,,,,,
,2,11:58:44,12:01:11,,,,,,,,,,
,3,12:01:11,12:04:38,,,,,,,,,,
,4,12:04:38,12:07:30,,,,,,,,,,
,,,,,,,,,,,,,
,,,,,,,,,,,,,
10,10apu,,,,,,,,,,,,
,,,,,,,,,,,,,
,,start,end,,,,,,,,,,
Type 1,,13:16:11:463,05:52:11:093,,,,,,,,,,
,1,13:16:11,5:43:26,,0:08:45,0:13:34,0:08:45,,,,,,
,2,5:43:26,5:47:57,,,,,,,,,,
,3,5:47:57,5:50:24,,,,,,,,,,
,4,5:50:24,5:52:11,,,,,,,,,,
,,,,,,,,,,,,,
Type 2,,5:55:11:168,6:08:45:438,,,,,,,,,,
,1,5:55:11,5:59:03,,,,,,,,,,
,2,5:59:03,6:03:15,,,,,,,,,,
,3,6:03:15,6:06:23,,,,,,,,,,
,4,6:06:23,6:08:45,,,,,,,,,,
,,,,,,,,,,,,,
,,,,,,,,,,,,,
Type 3,,6:9:48:8,6:18:33:107,,,,,,,,,,
,1,6:09:48,6:12:11,,,,,,,,,,
,2,6:12:11,6:13:54,,,,,,,,,,
,3,6:13:54,6:16:00,,,,,,,,,,
,4,6:16:00,6:18:33,,,,,,,,,,
,,,,,,,,,,,,,
,,,,,,,,,,,,,
11,11dip,,,,,,,,,,,,
,,,,,,,,,,,,,
,,start,end,,,,,,,,,,
Type 1,,14:53:23,15:08:04:674,,,,,,,,,,
,1,14:53:23,14:59:31,,0:14:41,0:14:55,0:15:24,,,,,,
,2,14:59:31,15:04:27,,,,,,,,,,
,3,15:04:27,15:06:33,,,,,,,,,,
,4,15:06:33,15:08:04,,,,,,,,,,
,,,,,,,,,,,,,
Type 2,,15:09:21:186,15:24:16:066,,,,,,,,,,
,1,15:09:21,15:13:04,,,,,,,,,,
,2,15:13:04,15:15:29,,,,,,,,,,
,3,15:15:29,15:20:23,,,,,,,,,,
,4,15:20:23,15:24:16,,,,,,,,,,
,,,,,,,,,,,,,
,,,,,,,,,,,,,
Type 3,,15:25:46:852,15:41:10:574,,,,,,,,,,
,1,15:25:46,15:31:27,,,,,,,,,,
,2,15:31:27,15:35:12,,,,,,,,,,
,3,15:35:12,15:40:43,,,,,,,,,,
,4,15:40:43,15:41:10,,,,,,,,,,
,,,,,,,,,,,,,
,,,,,,,,,,,,,
,,,,,,,,,,,,,
12,12tar,,,,,,,,,,,,
,,,,,,,,,,,,,
,,start,end,,,,,,,,,,
Type 1,,16:38:43:812,16:52:42:415,,,,,,,,,,
,1,16:38:43,16:45:34,,,,,,,,,,
,2,16:45:34,16:46:39,,,0:13:59,0:15:32,0:14:25,,,,,
,3,16:46:39,16:48:11,,,,,,,,,,
,4,16:48:11,16:52:42,,,,,,,,,,
,,,,,,,,,,,,,
Type 2,,16:53:35:344,19:9:7:469,,,,,,,,,,
,1,16:53:35,16:59:11,,,,,,,,,,
,2,16:59:11,17:03:27,,,,,,,,,,
,3,17:03:27,17:08:04,,,,,,,,,,
,4,17:08:04,17:09:07,,,,,,,,,,
,,,,,,,,,,,,,
,,,,,,,,,,,,,
Type 3,,17:10:20:323,17:24:45:430,,,,,,,,,,
,1,17:10:20,17:14:19,,,,,,,,,,
,2,17:14:19,17:17:44,,,,,,,,,,
,3,17:17:44,17:22:36,,,,,,,,,,
,4,17:22:36,17:24:45,,,,,,,,,,
,,,,,,,,,,,,,
,,,,,,,,,,,,,
,,,,,,,,,,,,,
,,,,,,,,,,,,,
13,13raj,,,,,,,,,,,,
,,,,,,,,,,,,,
,,start,end,,,,,,,,,,
Type 1,,9:28:7:219,9:44:6:431,,,,,,,,,,
,1,9:28:07,9:33:51,,,,,,,,,,
,2,,9:39:02,,0:15:59,0:16:42,0:13:29,,,,,,
,3,,9:41:29,,,,,,,,,,
,4,,9:44:06,,,,,,,,,,
,,,,,,,,,,,,,
Type 2,,9:45:25:394,10:2:7:688,,,,,,,,,,
,1,9:45:25,9:48:49,,,,,,,,,,
,2,,9:52:50,,,,,,,,,,
,3,,9:55:44,,,,,,,,,,
,4,,10:02:07,,,,,,,,,,
,,,,,,,,,,,,,
,,,,,,,,,,,,,
Type 3,,10:20:32:783,10:34:1:371,,,,,,,,,,
,1,10:20:32,10:22:39,,,,,,,,,,
,2,,10:25:49,,,,,,,,,,
,3,,10:31:01,,,,,,,,,,
,4,,10:34:01,,,,,,,,,,
,,,,,,,,,,,,,
,,,,,,,,,,,,,
14,14ayu,,,,,,,,,,,,
,,,,,,,,,,,,,
,,start,end,,,,,,,,,,
Type 1,,10:57:9:52,11:11:3:143,,,,,,,,,,
,1,10:57:09,11:00:32,,,,,,,,,,
,2,,11:03:24,,,0:13:54,0:14:11,0:11:52,,,,,
,3,,11:10:55,,,,,,,,,,
,4,,11:11:03,,,,,,,,,,
,,,,,,,,,,,,,
Type 2,,11:12:05:290,,,,,,,,,,,
,1,11:12:05,11:17:24,,,,,,,,,,
,2,,11:21:28,,,,,,,,,,
,3,,11:26:16,,,,,,,,,,
,4,,,,,,,,,,,,
,,,,,,,,,,,,,
,,,,,,,,,,,,,
Type 3,,11:29:27:649,11:41:19:187,,,,,,,,,,
,1,11:29:27,11:33:40,,,,,,,,,,
,2,,11:35:42,,,,,,,,,,
,3,,11:39:45,,,,,,,,,,
,4,,11:41:19,,,,,,,,,,
,,,,,,,,,,,,,
,,,,,,,,,,,,,
,,,,,,,,,,,,,
15,15jay,,,,,,,,,,,,
,,,,,,,,,,,,,
,,start,end,,,,,,,,,,
Type 1,,12:23:39:483,12:39:02:994,,,,,,,,,,
,1,12:23:39,12:27:04,,,,,,,,,,
,2,,12:30:34,,,,,,,,,,
,3,,12:33:53,,,0:15:23,0:15:23,0:14:27,,,,,
,4,,12:39:02,,,,,,,,,,
,,,,,,,,,,,,,
Type 2,,12:49:47:525,13:05:10:800,,,,,,,,,,
,1,12:49:47,12:54:52,,,,,,,,,,
,2,,12:57:05,,,,,,,,,,
,3,,13:02:00,,,,,,,,,,
,4,,13:05:10,,,,,,,,,,
,,,,,,,,,,,,,
,,,,,,,,,,,,,
Type 3,,13:05:42:286,13:20:9:949,,,,,,,,,,
,1,13:05:42,13:09:18,,,,,,,,,,
,2,,13:11:40,,,,,,,,,,
,3,,13:16:18,,,,,,,,,,
,4,,13:20:09,,,,,,,,,,
,,,,,,,,,,,,,
,,,,,,,,,,,,,
,,,,,,,,,,,,,
,,,,,,,,,,,,,
16,16shiv,,,,,,,,,,,,
,,,,,,,,,,,,,
,,start,end,,,,,,,,,,
Type 1,,13:46:37:926,14:00:53:259,,,,,,,,,,
,1,13:46:37,13:50:51,,,,,,,,,,
,2,,13:54:51,,,,,,,,,,
,3,,13:57:41,,,,,,,,,,
,4,,14:00:53,,,0:14:16,0:14:47,0:15:11,,,,,
,,,,,,,,,,,,,
Type 2,,14:2:30:568,14:17:17:357,,,,,,,,,,
,1,14:02:30,14:07:04,,,,,,,,,,
,2,,14:10:02,,,,,,,,,,
,3,,14:13:05,,,,,,,,,,
,4,,14:17:17,,,,,,,,,,
,,,,,,,,,,,,,
,,,,,,,,,,,,,
Type 3,,14:20:38:434,14:35:49:33,,,,,,,,,,
,1,14:20:38,14:25:00,,,,,,,,,,
,2,,14:28:30,,,,,,,,,,
,3,,14:31:12,,,,,,,,,,
,4,,14:35:49,,,,,,,,,,
,,,,,,,,,,,,,
,,,,,,,,,,,,,
,,,,,,,,,,,,,
,,,,,,,,,,,,,
17,17anki,,,,,,,,,,,,
,,,,,,,,,,,,,
,,start,end,,,,,,,,,,
Type 1,,15:3:41:7,15:16:37:401,,,,,,,,,,
,1,15:03:41,15:06:41,,,,,,,,,,
,2,,15:08:57,,,,,,,,,,
,3,,15:10:45,,,0:12:56,0:14:25,0:10:07,,,,,
,4,,15:16:37,,,,,,,,,,
,,,,,,,,,,,,,
Type 2,,15:30:41:014,15:45:06,,,,,,,,,,
,1,15:30:41,15:36:24,,,,,,,,,,
,2,,15:39:09,,,,,,,,,,
,3,,15:41:13,,,,,,,,,,
,4,,15:45:06,,,,,,,,,,
,,,,,,,,,,,,,
,,,,,,,,,,,,,
Type 3,,15:46:9:108,15:56:16:36,,,,,,,,,,
,1,15:46:09,15:47:37,,,,,,,,,,
,2,,15:50:41,,,,,,,,,,
,3,,15:52:55,,,,,,,,,,
,4,,15:56:16,,,,,,,,,,
,,,,,,,,,,,,,
,,,,,,,,,,,,,
,,,,,,,,,,,,,
,,,,,,,,,,,,,
18,18kom,,,,,,,,,,,,
,,,,,,,,,,,,,
,,start,end,,,,,,,,,,
Type 1,,11:4:16:672,11:15:51:627,,,,,,,,,,
,1,11:04:16,11:06:27,,,0:11:35,0:12:48,0:17:01,,,,,
,2,,11:9,,,,,,,,,,
,3,,11:13:36,,,,,,,,,,
,4,,11:15:51,,,,,,,,,,
,,,,,,,,,,,,,
Type 2,,11:16:33:167,11:29:21:459,,,,,,,,,,
,1,11:16:33,11:20:47,,,,,,,,,,
,2,,11:23:10,,,,,,,,,,
,3,,11:24:42,,,,,,,,,,
,4,,11:29:21,,,,,,,,,,
,,,,,,,,,,,,,
,,,,,,,,,,,,,
Type 3,,11:29:54:147,11:46:55:514,,,,,,,,,,
,1,11:29:54,11:36:20,,,,,,,,,,
,2,,11:39:02,,,,,,,,,,
,3,,11:44:36,,,,,,,,,,
,4,,11:46:55,,,,,,,,,,
,,,,,,,,,,,,,
19,19tri,,,,,,,,,,,,
,,,,,,,,,,,,,
,:02,start,end,,,,,,,,,,
Type 1,,12:24:57:240,12:40:07:310,,,,,,,,,,
,1,12:24:57,12:29:16,,,,,,,,,,
,2,,12:32:15,,,,,,,,,,
,3,,12:35:42,,,,,,,,,,
,4,,12:40:07,,0:15:10,0:17:01,0:15:31,,,,,,
,,,,,,,,,,,,,
Type 2,,12:47:31:31:302,13:04:32:968,,,,,,,,,,
,1,12:47:31,12:52:33,,,,,,,,,,
,2,,12:54:14,,,,,,,,,,
,3,,12:58:27,,,,,,,,,,
,4,,13:04:32,,,,,,,,,,
,,,,,,,,,,,,,
,,,,,,,,,,,,,
Type 3,,13:07:10:925,13:22:41:432,,,,,,,,,,
,1,13:07:10,13:10:57,,,,,,,,,,
,2,,13:15:07,,,,,,,,,,
,3,,13:18:30,,,,,,,,,,
,4,,13:22:41,,,,,,,,,,
,,,,,,,,,,,,,
,,,,,,,,,,,,,
,,,,,,,,,,,,,
,,,,,,,,,,,,,
20,20shy,,,,,,,,,,,,
,,,,,,,,,,,,,
,:02,start,end,,,,,,,,,,
Type 1,,16:12:10,16:20:21:061,,,,,,,,,,
,1,16:12:10,16:13:26,,0:08:11,0:10:06,0:11:59,,,,,,
,2,,16:15:40,,,,,,,,,,
,3,,16:17:27,,,,,,,,,,
,4,,16:20:21,,,,,,,,,,
,,,,,,,,,,,,,
Type 2,,16:20:50:181,16:30:56:708,,,,,,,,,,
,1,16:20:50,16:23:19,,,,,,,,,,
,2,,16:25:18,,,,,,,,,,
,3,,16:28:00,,,,,,,,,,
,4,,16:30:56,,,,,,,,,,
,,,,,,,,,,,,,
,,,,,,,,,,,,,
Type 3,,16:31:32:952,16:43:31:306,,,,,,,,,,
,1,16:31:32,16:35:02,,,,,,,,,,
,2,,16:37:02,,,,,,,,,,
,3,,16:41:05,,,,,,,,,,
,4,,16:43:31,,,,,,,,,,
,,,,,,,,,,,,,
,,,,,,,,,,,,,
,,,,,,,,,,,,,
,,,,,,,,,,,,,
,,,,,,,,,,,,,
21,21tar,,,,,,,,,,,,
,,,,,,,,,,,,,
,,start,end,,,,,,,,,,
Type 1,,15:14:01:376,15:28:32:235,,,,,,,,,,
,1,15:14:01,15:17:42,,,,,,,,,,
,2,,15:19:36,,,0:14:31,0:10:50,0:08:01,,,,,
,3,,15:22:29,,,,,,,,,,
,4,,15:28:32,,,,,,,,,,
,,,,,,,,,,,,,
Type 2,,15:29:22:328,15:40:12:338,,,,,,,,,,
,1,15:29:22,15:32:59,,,,,,,,,,
,2,,15:34:22,,,,,,,,,,
,3,,15:36:40,,,,,,,,,,
,4,,15:40:12,,,,,,,,,,
,,,,,,,,,,,,,
,,,,,,,,,,,,,
Type 3,,15:41:29:709,15:49:30:356,,,,,,,,,,
,1,15:41:29,15:43:27,,,,,,,,,,
,2,,15:45:35,,,,,,,,,,
,3,,15:48:12,,,,,,,,,,
,4,,15:49:30,,,,,,,,,,
,,,,,,,,,,,,,
,,,,,,,,,,,,,
,,,,,,,,,,,,,
,,,,,,,,,,,,,
22,22Ayu,,,,,,,,,,,,
,,,,,,,,,,,,,
,,start,end,,,,,,,,,,
Type 1,,16:46:46:894,17:03:25:876,,11:17:46,,,,,,,,
,1,16:46:46,16:50:38,,,,,,,,,,
,2,,16:57:50,,,,0:16:39,0:15:28,0:15:19,,,,
,3,,dint do 4th,,11:39,,,,,,,,
,4,,17:03:25,,,,,,,,,,
,,,,,22 minutes,,,,,,,,
Type 2,,17:04:32:580,17:20:00:016,,,,,,,,,,
,1,17:04:32,17:09:00,,,,,,,,,,
,2,,17:12:09,,,,,,,,,,
,3,,17:18:39,,,,,,,,,,
,4,,17:20:00,,,,,,,,,,
,,,,,,,,,,,,,
,,,,,,,,,,,,,
Type 3,,17:23:21:321,17:38:40:546,,,,,,,,,,
,1,17:23:21,17:27:40,,,,,,,,,,
,2,,17:32:42,,,,,,,,,,
,3,,dint do 4th ,,,,,,,,,,
,4,,17:38:40,,,,,,,,,,
,,,,,,,,,,,,,
,,,,,,,,,,,,,
23,23nih,,,,,,,,,,,,
,,,,,,,,,,,,,
,,start,end,,,,,,,,,,
Type 1,,12:28:58:239,12:44:19:438,,,,,,,,,,
,1,12:28:58,16:50:38,,,,,,,,,,
,2,,16:57:50,,,,,,,,,,
,3,,dint do 4th,,,0:15:21,0:12:20,0:15:55,,,,,
,4,,12:44:19,,,,,,,,,,
,,,,,,,,,,,,,
Type 2,,12:45:11:166,12:57:31:113,,,,,,,,,,
,1,12:45:11,12:50:27,,,,,,,,,,
,2,,12:51:43,,,,,,,,,,
,3,,12:54:32,,,,,,,,,,
,4,,12:57:31,,,,,,,,,,
,,,,,,,,,,,,,
,,,,,,,,,,,,,
Type 3,,12:58:34:274,13:14:29:319,,,,,,,,,,
,1,12:58:34,13:03:54,,,,,,,,,,
,2,,13:08:21,,,,,,,,,,
,3,,13:11:59,,,,,,,,,,
,4,,13:14:29,,,,,,,,,,
,,,,,,,,,,,,,
,,,,,,,,,,,,,
24,24pra,,,,,,,,,,,,
,,,,,,,,,,,,,
,,start,end,,,,,,,,,,
Type 1,,14:28:10:844,14:44:54:641,,,,,,,,,,
,1,14:28:10,14:30:43,,,,,,,,,,
,2,,,,0:16:44,0:15:20,0:15:39,,,,,,
,3,,14:48:12,,,,,,,,,,
,4,,14:44:54,,,,,,,,,,
,,,,,,,,,,,,,
Type 2,,14:45:10:583,15:00:30:413,,,,,,,,,,
,1,14:45:10,14:49:54,,,,,,,,,,
,2,,14:51:51,,,,,,,,,,
,3,,14:56:42,,,,,,,,,,
,4,,15:00:30,,,,,,,,,,
,,,,,,,,,,,,,
,,,,,,,,,,,,,
Type 3,,15:04:00:296,15:19:39:660,,,,,,,,,,
,1,15:04:00,15:08:52,,,,,,,,,,
,2,,15:12:18,,,,,,,,,,
,3,,15:18:45,,,,,,,,,,
,4,,15:19:39,,,,,,,,,,
,,,,,,,,,,,,,
,,,,,,,,,,,,,
25,25lik,,,,,,,,,,,,
,,,,,,,,,,,,,
,,start,end,,,,,,,,,,
Type 1,,16:01:41:713,16:12:59:562,,,,,,,,,,
,1,16:01:41,16:04:03,,,,,,,,,,
,2,,16:06:04,,0:11:18,0:15:00,0:13:37,,,,,,
,3,,16:07:35,,,,,,,,,,
,4,,16:12:59,,,,,,,,,,
,,,,,,,,,,,,,
Type 2,,16:13:37:935,16:28:37:361,,,,,,,,,,
,1,16:13:37,16:17:30,,,,,,,,,,
,2,,16:19:57,,,,,,,,,,
,3,,16:23:12,,,,,,,,,,
,4,,16:28:37,,,,,,,,,,
,,,,,,,,,,,,,
,,,,,,,,,,,,,
Type 3,,16:29:11:387,16:42:48:425,,,,,,,,,,
,1,16:29:11,16:32:00,,,,,,,,,,
,2,,16:36:35,,,,,,,,,,
,3,,16:39:38,,,,,,,,,,
,4,,16:42:48,,,,,,,,,,
,,,,,,,,,,,,,
,,,,,,,,,,,,,
26,26Rac,,,,,,,,,,,,
,,,,,,,,,,,,,
,,start,end,,,,,,,,,,
Type 1,,09:49:13:387,10:04:06:876,,,,,,,,,,
,1,9:49:13,9:54:00,,0:14:53,0:15:00,0:15:27,,,,,,
,2,,9:57:54,,,,,,,,,,
,3,,10:01:03,,,,,,,,,,
,4,,10:04:06,,,,,,,,,,
,,,,,,,,,,,,,
Type 2,,10:05:00:707,10:20:06:469,,,,,,,,,,
,1,10:05:00,10:08:25,,,,,,,,,,
,2,,10:11:21,,,,,,,,,,
,3,,10:15:57,,,,,,,,,,
,4,,10:20:00,,,,,,,,,,
,,,,,,,,,,,,,
,,,,,,,,,,,,,
Type 3,,10:20:37:240,10:36:04:532,,,,,,,,,,
,1,10:20:37,10:24:29,,,,,,,,,,
,2,,10:30:46,,,,,,,,,,
,3,,10:32:31,,,,,,,,,,
,4,,10:36:04,,,,,,,,,,
,,,,,,,,,,,,,
,,,,,,,,,,,,,
27,27Kar,,,,,,,,,,,,
,,,,,,,,,,,,,
,,start,end,,,,,,,,,,
Type 1,,10:49:11:348,11:05:00:817,,,,,,,,,,
,1,10:49:11,10:55:19,,,,,,,,,,
,2,,10:57:34,,0:15:49,0:15:26,0:14:15,,,,,,
,3,,11:01:08,,,,,,,,,,
,4,,11:05:00,,,,,,,,,,
,,,,,,,,,,,,,
Type 2,,11:09:24:491,11:24:50:512,,,,,,,,,,
,1,11:09:24,11:13:53,,,,,,,,,,
,2,,11:15:53,,,,,,,,,,
,3,,11:20:33,,,,,,,,,,
,4,,11:24:50,,,,,,,,,,
,,,,,,,,,,,,,
,,,,,,,,,,,,,
Type 3,,11:25:11:195,11:39:26:165,,,,,,,,,,
,1,11:25:11,11:30:05,,,,,,,,,,
,2,,11:31:59,,,,,,,,,,
,3,,11:37:20,,,,,,,,,,
,4,,11:39:26,,,,,,,,,,
,,,,,,,,,,,,,
,,,,,,,,,,,,,
28,28pra,,,,,,,,,,,,
,,,,,,,,,,,,,
,,start,end,,,,,,,,,,
Type 1,,11:57:30:727,12:05:38:816,,,,,,,,,,
,1,11:57:30,11:59:31,,,,,,,,,,
,2,,12:01:59,,0:08:08,0:09:27,0:12:57,,,,,,
,3,,12:03:29,,,,,,,,,,
,4,,12:05:38,,,,,,,,,,
,,,,,,,,,,,,,
Type 2,,12:11:12:115,12:20:39:604,,,,,,,,,,
,1,12:11:12,12:14:36,,,,,,,,,,
,2,,12:16:08,,,,,,,,,,
,3,,12:18:21,,,,,,,,,,
,4,,12:20:39,,,,,,,,,,
,,,,,,,,,,,,,
,,,,,,,,,,,,,
Type 3,,12:21:12:394,12:34:09:242,,,,,,,,,,
,1,12:21:12,12:25:30,,,,,,,,,,
,2,,12:28:19,,,,,,,,,,
,3,,12:31:34,,,,,,,,,,
,4,,12:34:09,,,,,,,,,,
,,,,,,,,,,,,,
29,29Shu,,,,,,,,,,,,
,,,,,,,,,,,,,
,,start,end,,,,,,,,,,
Type 1,,13:15:50:004,13:28:39:644,,,,,,,,,,
,1,13:15:50,13:18:32,,,,,,,,,,
,2,,13:21:07,,0:12:49,0:12:22,0:14:13,,,,,,
,3,,13:23:58,,,,,,,,,,
,4,,13:28:39,,,,,,,,,,
,,,,,,,,,,,,,
Type 2,,13:34:35:901,13:46:57:278,,,,,,,,,,
,1,13:34:35,13:37:51,,,,,,,,,,
,2,,13:40:17,,,,,,,,,,
,3,,13:42:58,,,,,,,,,,
,4,,13:46:57,,,,,,,,,,
,,,,,,,,,,,,,
,,,,,,,,,,,,,
Type 3,,13:47:32:362,14:01:45:923,,,,,,,,,,
,1,13:47:32,13:49:49,,,,,,,,,,
,2,,13:53:55,,,,,,,,,,
,3,,13:57:32,,,,,,,,,,
,4,,14:01:45,,,,,,,,,,
,,,,,,,,,,,,,
,,,,,,,,,,,,,
30,30Kar,,,,,,,,,,,,
,,,,,,,,,,,,,
,,start,end,,,,,,,,,,
Type 1,,15:00:44:228,15:12:12:788,,,,,,,,,,
,1,15:00:44,15:03:45,,,,,,,,,,
,2,,15:06:06,,,0:11:28,0:15:33,0:15:36,,,,,
,3,,15:09:06,,,,,,,,,,
,4,,15:12:12,,,,,,,,,,
,,,,,,,,,,,,,
Type 2,,15:12:28:265,15:28:01:461,,,,,,,,,,
,1,15:12:28,15:22:14,,,,,,,,,,
,2,,15:25:35,,,,,,,,,,
,3,,dint start 4,,,,,,,,,,
,4,,15:28:01,,,,,,,,,,
,,,,,,,,,,,,,
,,,,,,,,,,,,,
Type 3,,15:28:34:405,15:44:10:67,,,,,,,,,,
,1,15:28:34,15:33:54,p,,,,,,,,,
,2,,15:37:11,w,,,,,,,,,
,3,,15:39:48,p,,,,,,,,,
,4,,15:44:10,w,,,,,,,,,